{
  "tree_color": {
    "r": 0.10303728,
    "g": 0.32843137,
    "b": 0.29528502,
    "a": 1.0
  }
}