{
  "tree_color": {
    "r": 0.06934833,
    "g": 0.3627451,
    "b": 0.28508118,
    "a": 1.0
  },
  "gui_bg_color": {
    "r": 0.04411766,
    "g": 0.081749514,
    "b": 0.08823532,
    "a": 0.8392157
  },
  "gui_title_color": {
    "r": 0.08823529,
    "g": 0.15053764,
    "b": 0.35294116,
    "a": 0.7921569
  }
}