{
  "tree_col": {
    "r": 0.17265666,
    "g": 0.40392157,
    "b": 0.18353972,
    "a": 1.0
  },
  "grass_col": {
    "r": 0.18736649,
    "g": 0.36862746,
    "b": 0.15757015,
    "a": 1.0
  },
  "sand_col": {
    "r": 0.5411765,
    "g": 0.49019608,
    "b": 0.3019608,
    "a": 1.0
  },
  "sea_col": {
    "r": 0.20896202,
    "g": 0.39679408,
    "b": 0.47983873,
    "a": 1.0
  },
  "border_col": {
    "r": 0.27822578,
    "g": 0.23231916,
    "b": 0.14584415,
    "a": 1.0
  },
  "roof_col": {
    "r": 0.2627451,
    "g": 0.21314174,
    "b": 0.12673587,
    "a": 1.0
  },
  "house_col": {
    "r": 0.891129,
    "g": 1.0,
    "b": 0.95785636,
    "a": 1.0
  },
  "gui_bg_col": {
    "r": 0.05111864,
    "g": 0.09006373,
    "b": 0.09677422,
    "a": 0.8392157
  },
  "gui_title_col": {
    "r": 0.08627451,
    "g": 0.14901961,
    "b": 0.34509805,
    "a": 0.7921569
  },
  "gui_success": {
    "r": 0.3,
    "g": 0.8,
    "b": 0.3,
    "a": 1.0
  },
  "gui_danger": {
    "r": 0.85,
    "g": 0.3,
    "b": 0.3,
    "a": 1.0
  },
  "gui_primary": {
    "r": 0.3,
    "g": 0.4,
    "b": 1.0,
    "a": 1.0
  },
  "gui_disabled": {
    "r": 0.79607844,
    "g": 0.79607844,
    "b": 0.79607844,
    "a": 0.2
  },
  "road_low_col": {
    "r": 0.21568628,
    "g": 0.21568628,
    "b": 0.21568628,
    "a": 1.0
  },
  "road_mid_col": {
    "r": 0.3019608,
    "g": 0.3019608,
    "b": 0.3019608,
    "a": 1.0
  },
  "road_hig_col": {
    "r": 0.42,
    "g": 0.42,
    "b": 0.42,
    "a": 1.0
  },
  "road_line_col": {
    "r": 0.50980395,
    "g": 0.50980395,
    "b": 0.50980395,
    "a": 1.0
  },
  "road_pylon_col": {
    "r": 0.48789835,
    "g": 0.4879001,
    "b": 0.48790324,
    "a": 1.0
  },
  "lot_unassigned_col": {
    "r": 0.20392157,
    "g": 0.4509804,
    "b": 0.17254902,
    "a": 1.0
  },
  "lot_residential_col": {
    "r": 0.2,
    "g": 0.6,
    "b": 0.25,
    "a": 1.0
  },
  "lot_commercial_col": {
    "r": 0.2303883,
    "g": 0.46921328,
    "b": 0.827451,
    "a": 1.0
  },
  "special_building_col": {
    "r": 0.38039216,
    "g": 0.7882353,
    "b": 0.27058825,
    "a": 0.5019608
  },
  "special_building_invalid_col": {
    "r": 1.0,
    "g": 0.73333335,
    "b": 0.73333335,
    "a": 0.5019608
  },
  "ssao_strength": 0.64,
  "ssao_radius": 0.343,
  "ssao_falloff": 0.00008,
  "ssao_base": 0.01,
  "ssao_samples": 8
}