{
  "sand_col": {
    "r": 0.5411765,
    "g": 0.49019608,
    "b": 0.3019608,
    "a": 1.0
  },
  "sea_col": {
    "r": 0.20896202,
    "g": 0.39679408,
    "b": 0.47983873,
    "a": 1.0
  },
  "roof_col": {
    "r": 0.2627451,
    "g": 0.21314174,
    "b": 0.12673587,
    "a": 1.0
  },
  "house_col": {
    "r": 1.0,
    "g": 1.0,
    "b": 1.0,
    "a": 1.0
  },
  "gui_success": {
    "r": 0.3,
    "g": 0.8,
    "b": 0.3,
    "a": 1.0
  },
  "gui_danger": {
    "r": 0.85,
    "g": 0.3,
    "b": 0.3,
    "a": 1.0
  },
  "gui_primary": {
    "r": 0.29411766,
    "g": 0.39607844,
    "b": 1.0,
    "a": 1.0
  },
  "gui_disabled": {
    "r": 0.79607844,
    "g": 0.79607844,
    "b": 0.79607844,
    "a": 0.2
  },
  "road_low_col": {
    "r": 0.21568628,
    "g": 0.21568628,
    "b": 0.21568628,
    "a": 1.0
  },
  "road_mid_col": {
    "r": 0.3019608,
    "g": 0.3019608,
    "b": 0.3019608,
    "a": 1.0
  },
  "road_hig_col": {
    "r": 0.42,
    "g": 0.42,
    "b": 0.42,
    "a": 1.0
  },
  "road_line_col": {
    "r": 0.50980395,
    "g": 0.50980395,
    "b": 0.50980395,
    "a": 1.0
  },
  "road_pylon_col": {
    "r": 0.48789835,
    "g": 0.4879001,
    "b": 0.48790324,
    "a": 1.0
  },
  "lot_unassigned_col": {
    "r": 0.20392157,
    "g": 0.4509804,
    "b": 0.17254902,
    "a": 1.0
  },
  "lot_residential_col": {
    "r": 0.2,
    "g": 0.6,
    "b": 0.25,
    "a": 1.0
  }
}