{
  "tree_color": {
    "r": 0.07058824,
    "g": 0.58431375,
    "b": 0.28235295,
    "a": 1.0
  }
}