{
  "tree_col": {
    "r": 0.08532777,
    "g": 0.32843137,
    "b": 0.22832987,
    "a": 1.0
  },
  "grass_col": {
    "r": 0.27392912,
    "g": 0.43627453,
    "b": 0.24593906,
    "a": 1.0
  },
  "sand_col": {
    "r": 0.4754902,
    "g": 0.44614887,
    "b": 0.22609094,
    "a": 1.0
  },
  "sea_col": {
    "r": 0.17733565,
    "g": 0.28304258,
    "b": 0.4019608,
    "a": 1.0
  },
  "roof_col": {
    "r": 0.2352941,
    "g": 0.18759741,
    "b": 0.14994232,
    "a": 1.0
  },
  "gui_bg_col": {
    "r": 0.04411766,
    "g": 0.081749514,
    "b": 0.08823532,
    "a": 0.8392157
  },
  "gui_title_col": {
    "r": 0.08823529,
    "g": 0.15053764,
    "b": 0.35294116,
    "a": 0.7921569
  }
}